6WfMi9Q4Adj3a2iJUquuPPZo1em6BXNT1L1TXnU4H4zXkgtS,DE
6VK1EPVtENg52yTKmhooxAUgUBhmVjotPoUUJQNfMqCgrV9N,IT
6WkG8UtNJUesykh6tTcL1MMSTTAi3sx83wAUpWaJBj4W2kUw,DE
6XJ2rr88nBgUcvDtFoGQSiPvPYTzidZ5ZHbEDqwLyBx7dCs1,NL
6VzkNmZcLdHGMTD23ynK59tmTiF7jYobV6t7cyxNAsSjup7f,LT
6Z22Sech7KRwDoEpxd8isuChQwU3Kx4MSZxfhuuHv8CfxH1w,RO
6XzDqwNXjWpaKP6zewVREgA2Z8hXMsjcV19AqbGNs9wY5nA1,ZA
6Wr63s7rJdzd2pQfN9UZCZDC1a2h5iwGocAmfK9GKhEDNjdE,NL
6YCk4JJKUaYLWKSGRPZyuREacRceM6Uo7wZazzjoLNpbksxq,CA
6WXWzZ4g73E5MAUZ2HSJPqw6PaQFy19nYUP9Tqe6P8KtX7qK,FR
6YbnK95QZBZ3dqe1kNj2kcAZ2toj6T5bypXAqsQANC21tviG,CA
6ZbQkhkN7oFQX6ySe1HVJgTPsYAeXQHuyuLRousfVWVycWVb,DE
6VzjYG3Jtzo4SfGRVgU8U6zwJrEgAdRp6VDeLyVxcgNbTU4r,RU
6a1gvQ8ggQBM7Wsed2P3tFvUY4Ygmhatho4RyCTLGgkNwuzu,ES
6Y4hs41FXXq9PmBkTUNMsCBhXKCVTodLgR724CFNVWRh6PjS,LT
6ZEd2HpQxreL4KXxWTckH7jB47kWEjXktnGEuJiVzxqPe8DC,IN
6YjrEzwg5QDC3bzTUdNaFWRxbWCrZVNXsU8ThRVn2nAXnNYB,VN
6X2NT7wvjXK4XaarSGSs7FmVRAENiV4VNjB5NuN8qHnk9CnC,BY
6Wz8wAsP568BAmL8QKvpRLb5zS6U2wYyEcEdbCeGSgyVJ9AG,FI
6XyyJaJGXTgJ3WK77VE1go7GTTrm8iLX7mqb9YJ6EjdHog1n,RU
6YSRsNZAXunhuHRrapzLwhUiyV1hRXDFZsNHFKVC8fhYS56U,FR
6ZLnhm1jW6nbucmW41jejNaCuwvw3p2dTBghVi7fWUd2HjAX,CL
6YJUXHnGyZtLYCkv6R4rJosgZ5iHvGVyh55uuURUztERVNsu,MD
6VkyWZ9okLcLGmmqWDQuZEWMpRufxV9dRB8KYqwaZfHtmaxJ,CA
6X4xZiL8nUZPHKrZEW99tejgWDM7QUaRec3kEq8nXkz5G6p1,SE
6Y7jBFdAXY41gUYbXmzXezMP5CzpjyFMhB5r5FPLpv6ouR6z,BY
6X9un2FrLrS5gxx5mYWCCGg8cXcuoZRgnoRCs2TaHmEbnUUW,CA
6WY975E9rXCd6MK14wtXE2S9dCUYwLWVXpChnm4b5keCaiGw,NL
6Xi27EUHgfm6Agtf5NucJfAWR9d32j56b8FxbAw5kYjAHTKp,EE
6YwJdYHjGi82toNmyPdH5LoKui53eZi8Teb8rBLdvBSteH16,FR
6VJaSNffEGVVFagXBshSE7YQrjBmDwsuExzpwreupYr7iE9z,CH
6VuA2dHxW7u7itDfxPmeHmDx6RfjrKnjkepeanTUhx9is8f4,RU
6YjzQnV8HYWaW9dnt17mMugiZH3F1q9cnsSDsPnPUG9G6uK1,JP
6YCWJCGsqUDR2SjPrVjEGLdks3gK9Axj9U5Yz1FqLBTxMnPz,NL
6Vrqi6ezPJrNxXqsX7dFe8bPPtsnhb61LDeyTgKfXpQ2GStE,MT
6YJfEVhi342F5ZcwQtzzenXvCDS15YjQfRTHSMn8Y2mfFP6p,RU
6XS9wt2ryVbNJyeraFHSZPeF8psfetgSmbzMvHoSZ8G7CLu8,LT
6WUWksqtJLnaawLBbmsA3K2LR4DhM3z6SkdqrnPgtj8wRWys,FI
6WrAibc1CmvUQaMayA2NkdfvdzG3eMCbE9X7xobSHzD5rARG,CA
6X2X8Vj9WzCZpsbULgTZfhHXMzW5yHdM8bMTwxVGfxewP7Gb,UA
6Y9gC39bj42gVKRSamrbwJKiRCTYf6Hmr8Pkj5GVpAAk3t4z,CL
6acGK8RbsFCM5k1wwmdMCCpkMgaA1n1YLAXckBDC1vXpis8W,US
6Wb9wqBLi8iBhpnNqqWDVPcqfRQMkqTZWq9cAsALwC7W68h4,US
6WyrHmRmch9QGJ7czkaa55mXqxzdYSnXYVqBRDEDZbnSCtUb,CA
6XZrpLuQVjva4J681YhxsDaoxKr6XjwXtAbqojh2SAGDi2L3,CA
6Z1hS35shEnB7ZaJ3CUcn5getKw4NZLqEQFqvKFrBRY8Kmx4,UA
6VN6S9A8AXLTp5HZLEuZMtmZjWMhHM56uiaG4u7A7itQWgqN,RO
6XcSeT7NxCLntubeNYnguBafSgfGCJhnvX7TDGERjBLasYGc,CA
6VJHDa3n2ZvnHKezZ3PjK9EhH69hmBUTSCVyq1xfThmVfCJq,US
6YCtPCTEyUob1cp6ufLWsWYw1p9GS5LdGnGa5GAz35QMLCfq,DE
6XJu9yzcSuJwn9wNjpjZL4kZnQrSgoks1HyPvxhiE3TE2W9R,JP
6Z9tZDFFuNi9WKx5u4p4At7WgEYKKFsR5SP1rccMGmJ3E8Hc,FR
6VPnFhecRxaCWnc7fBEczBH1ghAwH9MgvayjQyu4pYoLEU2z,NL
6ZUKmC4ZeMR8pYH15V9Sy7EGnazwPt65eXTwA7EERz3ZUUj4,NL
6X333FpdanYm65aQuS6BTD5SNESNELu1pnbrfrCn7qustFtV,RU
6XoC8uR7swDSWkmEJ8gQ1sUmu6egB1qcSs1NRkX4JZUF1s6m,NZ
6XvTdJmrzcwYtevVTzNFVZecjH31wekYWTyN1rHKSX9ktqGJ,NL
6ZZFnYCu9gFQi5HqtafwaAipoaGWFqyABuLFyEy77dcCr2AN,RU
6Vcqq5SoUTRY2ZZ361BVfASa9RGkYiAa7Pj17qjMCoLCyDd4,CA
6ZkVPjMdk4BDajL1nCsZ8hdowhKPcFSGRBsDRmEDxtqMLcDw,DE
6XLb1ZJrihTzUaZde6G6XEr91jnC3h3hJ3PVg1cuMaiBMwQD,NL
6XAD1hxSNjb5PV6WaF3NuuJxvYwDBNXH2PnZAYnuZT2xqNVy,JP
6Z2BYHUvgmz6tMqaiipiYsMbiKHpdmnLW6mWPtd4kkDGuZ2p,MD
6ZjtGawffFWrRttNBvYWmHv1Teg1Sa4twzmt8yPMDEkf7Ygr,CA
6WUz4CL4DrLg3KQ4d5ccckfiheoxVeq9QHhJaUmqGLTgTqfh,DE
6YqZ44A3KzjyehtivtiDiewKgrAijsG5huWhTznwkRq3yNPt,RU
6ZUhRiTNLbxn9i6r1oC2dNjCDnqKk991M4bVxNZ2HDPuq4kj,JP
6YCysDf6KN4ryaLvkakq9jXSpwRUXwqkEgjz3g2q83TKWWjz,UA
6VaNn3ntdFWQWysscqt2bxDtqKBkeKqFvnzgYATQAytefTVT,IN
6Xo19yidrvfty4VmQ6sZ3jBAiaguf2gBQgYTGzRGAL4Rwrx1,UA
6ZqkUBg9ZHmizEtL9Ua4Uv1FAZcXMqtLDAufFCgBvqSkoCrZ,NL
6YSXbbMPs8dex4TM3cBVCNto652KCZebK4zF3prZixHTyC3i,DE
6XqPDHK6xw2ek2zewsWyoafaLzYpxJPn9D1RhKNnD2U3U2G3,CA
6a3tPGPMw8aRYzusCxy1ALbpGTAUPg2qVqVHqjWDRZeN4GRq,DE
6YqLj3xAaXBzGw4tdh4bxkAUxLUJggX7mKRDJdD8duWPztnx,IN
6ZP6Qrz8m1W2Gyzwv7fwENb7wfskhgLC4wsDoFenf8w5RZyx,US
6ZP6MRGxh9QGDGLrVH5ZZ8csDqYvrizJvEJNikqLmfTH8edo,US
6XQ5n7TZe7YCSSoRaQjx7buE1dbqmmxDoXS3qq93cCDib4Gw,CA
6XekHH7sP2JDNtyFBhoLCE5jS8Ci8FQzy3zq2ean6bZQfUDi,LT
6XPxLk3jmrDVwZvibseFyvcancgUrvupErA3LZc5FdXy4T2X,SG
6ZYuSpReiaE75fQNoS8AxdVxZmsXH8jWm9Cg1QJ28rXaLaLX,LU
6W2k6dxZt4EsgD7yvhooEZzfPiUK4TWmngnHJNt7MgPa5ps2,RU
6XyYpXtwdA43EA8G3C5HgCMpgSgrSmKSbeHZFv7WqBBUeigF,NL
6WyWCedR8XPb6qGRQACwuc1gZAs5sUq4LNBDxWB363TzvYeb,CA
6YvY1kY2wkHq5GNYX45MdFSmW4Z9cm43ff5gsVw3mfC7ekVV,NL
6VJRzdH9kw4yrLVBaTaLzKnrkGp6EHmnCRBaQuvrYzEx9vFH,IE
6XPfhjfNBQxFzVrv4vmUNTBFGKxAimoyZ2vuP1mcaEhDkA8b,UA
6W32mBsR6jm6Nv2sVNRUxdp72NdiohyTRYrLpKzWobZXMv5a,UA
6Z9fZYxK6XFjnbSUEwTWejKDKA1eHSsnMA3MVJTY4G3MeQGr,NL
6X8Sk4YX4r5iu3kSpaedJVVXDnYYh7g7kcGJ92SfM9nar3JB,US
6XvXFCMfqAdCpL56cFGvWdSRBnjxMXv9g1DozZbaiYVwKidF,RU
6WATQ2LFVbfNCuKj5XetWa7LEm927N1iRohkVjrBxmM4hPjR,GR
6YL3whN21hu9awqagyjaLPGpPVWarZGa12hhPwU77DAmcf11,IT
6VdFuRNaUj2x39wkU4UDq1K59pwb2NgH2ciQTS5e5de5LumU,UA
6aZJPVgjc29wAgxgdsmmRHdCh4jFPUtnmBK4uMxr5F11wyVY,RU
6ZHfstRsPLkRzvapbPLC5LT68GXcBye81ctQmU3CgbiA6FPD,NL
6YhVZD1hJVuZNu7eF121gYfxbD74J1ZPQTU6N6ksZJCZZayN,CH
6W4s69B1g9HD6rWdoPkX6iCAV4DiGfvxV95ky7JHDrYmXJUY,CA
6XfUda7iuDCME5nBmQ8gPJi76X8foyDSxqJrhiprwaRxCZfJ,GE
6WiZ1MsFoFgZb47Ppet5vq4DrC8hbMVXnSJRyUFmLx9sgVzc,NL
6XqEW5dufXqE6nadojAW3eXCMhNTkWURRMeaU1PLmFkKPFvs,CA
6ZqeUvQPcEaKhuypsKosqqXVE6joRYzUFj647TSGXgsw3PBA,NL
6VauiTA2PhLNV4y6Y3RP4LFyzNGRojsWoUf6nTNV6Whm8TyB,FR
6WuDKo1bZvbdZA8tZzwhUWetvc2ityj5P693JtCDYcFCyn7X,AU
6VXyRGEGoFDz64pdk2WUEsSMe17pjP1tYjYRNBBSgTe4BUWV,CA
6WdMTthbpiYFR8G9qRkH4CWcy3QZRECnwnzXXU5EmBnz5hVE,CA
6aug5idppLyrNa3CgcVWQPAV4rkHnP751KsmzaFLxDkz3J21,NL
6Z9KCWCuqN5jJNx88B9TJ34iw5fr72zNxcSQfw9HucJQcAFA,NL
6avSNYpfcsxE8KYJR8GEmZNEMxmMeVKBit871jTRqUSndoFP,RU
6VdhpppCAarjkuSkshbYY85okdx53vmXFtpVNdrmWagExG66,LT
6WFW4wHW1gkVv84XDYbCcMCF2zjjCKe4fsNzYfGPyGzegZDD,RU
6Xtb1AV2HFkHFyhatgMq3wP8CbtHa6fvBFM5aBU1eha4F71a,NL
6Y7yX3XpBnuJ857FEwjowff2jKDoLGZhR7hNwHg9hVMmUSRt,BE
6avcGAMX8wnMApWLF4AoVSPWss1BsYZUF7wXnjYJQJp8EBAZ,CA
6Zvyi1in4uTzF6ujXphs17pXjcQDWc14wDW3GVpWkvG2Fo25,DE
6XUrCzYXvzmwxMWUszUjG9WFJTvkhCLDsG7SU1dZsyFAABaZ,RU
6ZhrpbMadopQE7dhq4mKXzEBgsfMVAo39yds2UCpAVw2HSFP,UA
6ZFSuhmxenMczcBBoRGqLRvsTmjkYdiSTXgqQQJ15MyVbCDr,CH
6WiP37bdjgf9aapcrG6LaMGMSJbMzHqZKoxedhmJKZmRbmX6,PL
6a7TnWsGoSYDjY5dcVyMz4w2s2BpgaHnHph943PegytAb2tR,RU
6WiQUYdHHcyPKrvgmNfEPTvkuXWY1ohxyXgsAxBxnWduifeA,DE
6XDemUeSBawmbF6bUQ9UvHgmD5xGrs6erXNXo9RncKt79sRh,CA
6WZqZqVs1Ps6b3iUUpHFzFdt3614gf62Fug5wJVR8Ur6vGSr,RU
6WJNYQTmDgBFUs5bYuQvD721G7qa3mbiSmeZXHtxTMFJ8fYC,RU
6aKtbnb1KLUbzxXT2evJvuuefZHGtJQzAPfzQVeQCeyUTN4o,RU
6VMDDhgyWypsB23Ugo4SSmTzeLCiAi5Fdaj1wsxVXUnhFrkx,CA
6Z1iybGTKP7gxkChUY9hUUMXHRZ9oWYRBxB5U3wiN35F3mm2,RU
6YUKaS67dTub2gTbDEiebSVZYdXsqeak3ATfiJHGm6kfnrpS,RU
6XAWAK97bgSoXh145qaEsR3XEHcNcWrmoifYLzgWSpUGyzrY,AT
6aC1TS6WzZW9zcBr32NRwjFmdnqZx35MT7mBmrmVvZPQc7ZC,CA
6aQsYXvh1wDCFEMU97hxD3U2UhgCjvUqg5dWV6GCVmUDFEA6,CA
6aNWWNfVvzKdYUeLmspCuWjaYWDeFuNRTcvUU6E6wfT7cBEn,US
6ajmLgddvF7vWhvpFYDoV4udqRYQ9jPhLG2YnsaYtZfKkm2g,FI
6XJu9XVGWczGDAWcrGfWpwH8NqmyFwwXTHqi9cyKWGy9xiJv,RU
6XJsLoAwLWgvXYUsQMivhreL262sMSd4BqcEvTYd5EGFKfdL,PL
6VaJ35ts5timzFThyYYyFAcswZ2zs73hzS2RsADPWyXcNwnM,UA
6ajpMpB8wfSg5ZAkmt5w5HvABvZ72xfdyM5pQ4JtWvb8YPTi,UA
6WhoHGAWQHZUGoYew3KwA18pEPVBmzLnfbhZmXp5oEqMouJf,NL
6VhtxkPXBTtMJVFA9HkaZMwsEPFv6qHSQC3GEtUdSvaVhngT,GB
6Z1kddx82fQaPAPcPxCZDTjHcaDjJZ6pBJYFXMqGBAKXLuam,NL
6ZZPxgaXkNUJvPbHP7jgkubc4QpGFs1REh429bq7zpJc63R6,CA
6ZhrsCiSkqVWqrhbKXyUCyGHhPXMfcW96Z7bxWZKRy7hTEzJ,RU
6YkDCV66fj1p7F3qpY35vHAfeBHHjZEra1PVa7r9zFfg6xYu,PT
6XPXt3utFoujNAE9bmsHnT6QzEjfLxSZPbPS8tAuy9xpRSr8,RU
6YqpZVptx82fiU25Ujxf3rW6E7E9hqoc67arFjaDL69XYZm5,CL
6Y1khGY2Ac617AfnzwwsrhTmEaFGH9fFoYexqm7kQehCdqM6,CA
6WzRUYfM4T35jEwLyF7wRjfEX7kHPMKVWPwVEMLTB2LrvC9s,JP
6XJT8hi5Hwx4yVcqNN6LqQZwc8tzhekZnjU2i1RL8Tbeine8,LV
6WtLsbPkztf43vjrksuLEN4odtHmFNooB2CCYv3XpoYGnReM,CH
6a1V1Jo9mvhZMxM4gsKBJVaNNi3XH3i9uTu8PtGy9r8cMqQV,UA
6ZtDkAbQCMwJxwRa9ByyeJDeAWTjUeHemg4Bq8JWxRyMEn9E,LT
6XCxcrkFft34ETpH4nJM8e3jAV2DyUKE8aUmaAe9Pq1ktwke,KR
6aKYP9vPgmpnZJqSuaq8qhvGYBM8aF3krdV7pbExbV6CA2wj,SG
6aZfKh9rphqbaaWJ1gBFw4JQ4rFsngDxfiiRDA4KTFPh3v2J,UA
6Vb21VWcTHyYJPZSTkbj5imiwWxrv4oNcGp5V2cvHoTUquwg,CA
6Y75ephmkTZxXmDwvqEC12kBmtMcn8ZuegQoXkDCr2odphC4,GB
6aHCo4GDeC27KFDgPhyDsNB16A58GVCL4JcPVQGe2zvzENaW,NL
6WtSmfSiRFSf9yot5huEx9nwvvryCeJ3Q7XySBjuRL9cUMm9,RU
6YLL7QEXAHqRQtQeCNYgm8wNMBkNus3bSLsD2yDTojYkrajG,RU
6VzLPM3r1uChWobm5vG79BmrnB6rHoWa4C22DE6ZWWfByhR2,RU
6YFnCBJmxjD9eFSM6DoigTjzwEhNuhkhrXXNWrmsoYSEqb3L,TW
6WaWq6R8B3n7tVuzYj9uFS6ZJMbfmZqx97rcuYqHoPWLUx7L,NL
6X7UZg3etLuKryRQpnnjvrAz18TYUXF4b9BCuyq3Z1xiML1B,LT
6WoVjqG79pEnBX5bg79BPC9XoAUSZxZRfugmtxsT8pKPv4rz,VN
6ZvBHAFW1Dzfr1hGFZRe6JLTcaRSo4ajEaw6EdFf1xDgpQSp,ZA
6WRur4GGWTD9Ws3E2XBBv1iHNu5YnYWuhcJgaLP5y9gSRhy3,CA
6Va1su2MWztqiKvDtPaJTPHD4evdijJFgCZgBAQWAe916xAY,LT
6VcqXBsU3PXzjhFF1TdUJ4cYBRL35w4RqNY1dFcspqDn39PY,UZ
6aZfDWY3x9kmYyLuSFQY7jU63rUXfErWHudQs6sJaJEeeSyg,BE
6aN7ff2ynUvb5VjYAWetbNP7RpvCvKVUbGaKhLnPXnXTekTe,NL
6Zq1sDpHADR6Qq9DC2SEbknYdNoXAnPdrzEG5sCkBG9GKEJP,CA
6Z6x3DNDg6MZ1h9bP1cMnXTBhmcfVYsJapoGMEm5y52LZH1b,DE
6ZjYW1kfUYb6LSPf8TTkWuvPHFJkobaZ48qTGPywNKpdjW8Y,CL
6a4nBbr9D7r9rbY7kGmWvzjQAFqEAUeA26gQo8hmEf62wVuy,RU
6YFN9ZnucCzKxwXzWrTViZ3tiHnuuBUej49ijZvPAry8AQSB,RU
6Xc9VBodm3mme3dx6jRbHryjCov9J5r3sVtQD52EYm3MBeoo,DE
6WzRsh6eLmxZQDo8fmokuED4Za3gaEoopFfBAAYmkdJdf3Wp,IN
6ViLcHEH6ujkovt5C3dit8jUza5dq24V9AKbtoS34ffxTMVA,CA
6WfvNaKpQ1BauYPs3qrNhTN2zhCVa6XYkxUefoLsqWfAEZ7z,LT
6VMuWKNSU9gkfny1eVXibgRntCEzdjHzAuyCSTEUHKxknPts,DE
6VuHaSN6rTXy1PJSFYLqjpCkY3z9hokqyHFUyFwjZX3Jduu4,CA
6YJNRiCq8za9aYDFL3nzDZxsE72CqciVDptvirLesDBk4Fks,FR
6Yc7Z9ZkGiFuG7gr1iWV6uLwifdVJA6DWAxJMx1c9CTEQMLN,LT
6XncXXHbNMFKUBVZRsEQdXdc8AQMWL1MMhFeN6zfv4iaFWvv,NL
6aZNkUTGkzXnPF7w9eKUSmCERyV8Kx623JvvXiVCpk1bZEzM,LT
6XoTUxh63136Wh3FkEB82VCBpV9B7fsP4C1xEo87rQSHeREt,UA
6ZbmUc2MFHLp9wsxgJgPPx3r4GYqFETbWYCaQ484bADFntJB,CH
6VVVsmDkf5z9VNxgLfSJEaVyeSCg5FsHPicg1HZMxfoQQjhr,RU
6aTgnFQXQWLVJmXi68hmfVsjkTTnf1gxAyntCgfwphKLKcvP,CA
6WXWRyRAgjZiWPrssUf2HCtYNmasfFkZbtRJNxTPoiSb8kMM,CA
6VXemV8PCidNiB3rJeHYMBwmvHPpWPX3Qo1DfzJj6sszPD7Q,RO
6WMJmYZnancFdpMRabu49BvsjDzhVDEat8TB1ozM6XJmfGfq,IN
6aKcuy2aoXA3s1f9JYXiWvY926nHtpEu9mMz4DMURFHNvHdZ,NL
6WVEHEmDU7PupCcYmnFzPmstJrnd7MzwALj84ZrE7bRfkr1y,NL
6aVtGNWUZBCDPTDZQXAemS5GzNS1x7si24TK1DgK5bYuCkiT,RU
6XqMiyYFHNhi1zGpPiewbP9mGPbEnFHj7afpJsph6WJTmeMB,FR
6VmndSD8N7HwV89sBZoEpQ9eSxSju7Lidr8XqTdCg6T8pLGR,RU
6W7sdhJkJ65Ah2i4eJ6rQCEYFUpd8D7cQ2M3g7k5KFheBx21,RU
6aTbDJMJxd8D3WfkYp1LASJa684vVVtLtUcoGYhs41je24Ly,FR
6W2rpdhifPBufjBSQXbAto7yXQn7h94Pj9c7ZSLBdjqBiCx5,RU
6YF1HV5Y5k3STniw4GKqDufXVKWc57BGC443p1W3VS6MYrZ8,CA
6Yv5ydgJgL2foProW4xkM9mi7djrcjBcobgpjaiMV7EXuQZQ,CA
6WmCkeCRkPboK39iXNmd6DENBBDQL1MmUVZ7RNQm9y7tbD1j,SG
6Y839Y2TCj391FXvZBSTn3aJg135C4UepBEFshoEpc74JAGc,ES
6aBzAv5v4UWFuZR8kVnLHT654XnfwKDpddQs1PwuUkvtxo36,US
6Via6qhHs9aEPcBi77y6hLr3e8JN8vQA2Pr1f9iDbexe8jXW,RU
6aPCGTmjYpEQVTk1sasiqWphwRcKtyP8zTZhpLiwSsnBqxwa,DE
6XhSJJePTA6GsqgbESrwUHXaBxKqrMnUu9swnxWWtj7hWhz3,RU
6XcFBKFWkBoYx7Y8Q2i1kivzGcHLrbc3ymPUn6z3LaFtN4gk,SK
6ZtR4HUa5Cs7FCLaZrqteWeaA1b7DwbuuZjFb9MTCr5E7y1j,RU
6aHqCCPqM7p5q6jkzuwzeKvdRu2B7sss8uSLVWi2xNF3nYVL,MD
6ajWUxe42wowr7yAq85MyEFd9mMTvGeMXcyiyBzUyDYRK4t7,NL
6XXLk8gkQaU9DTy1vXu6AHbkkMS4kWSBeVifAhuXCesAqw3e,DE
6ZHqPfgz3yzEqnTGF9DZS398UfAR6X4E682oNti2of7jBuCG,BY
6ZUWbsoNLw4AfW3hy5AczWUqds6HAjJ7pAT8vudnXekA7Rdd,IT
6Xygj8KBKs5Ag5epxLfjFb22gVx7Ht6A1K5wD1ooPYFy8GPr,CA
6VY1EvCpY4Myp4SFaLiMprpTon47jexbBoazEfVjxUjGben2,UA
6XhUDsu2kU7cZgvw3TPydeUPbMNy3Y6aKsg9WkU62GUMWHJU,NL
6Yv4zrK6i9io7QcuLVk44tJeDrSPxNVnVcN6RFwAJozPqbKq,GB
6WmNta7DGmN9Yu4sWdAJPCBpdaoLHqczb54oAGQqwF3gg5xQ,US
6WaTZR3GrL4mXTK3us3hPrNLe1gn2BLm6WJ7FCJW8mdjqVQa,AU
6XhTh12aWENpRy9g3PbqJzNgLQCBvH51Ptd4kQQtQk4Wj5LQ,RU
6VK1KpUs1b7X4cQqLbzznPGWcaxfKfjmKXtakhKcywgH3jyd,FR
6YNnQrN3DVVCKPu82N4nT63jzFTvpTCfH32AMg4R1ry1Xaf7,RU
6a4Vwo6iDFM5KCr9Hb7Kky6fgphxyfxW4Zwo3VCHLXo8Vf3M,RU
6X58Ugf5YLQ8MkNM95jcpe5a1vbxCUyiW9bY8E4uabaqS4tG,UA
6WwumDwp6oKF4B2p39niTC3FVRvDmsY3VCB7bRtfaMtwFjnR,UA
6ZpgDUBq6ArCVfQcguUosm4g6iEYFMV82VAATnKRUn2NM8YG,RU
6YfJ2DoeU2jLT5vGRJknfRNMhDShuURC8UdzqvFYvxcv1zni,CA
6XXnETLESWjioJGsbUNEJBZ156PkostAdFyqPtwrj1ecUB8R,GR
6Vm8ffQyYNj9zYgtzzXkmrcf9XiD57xUrVuPp8L47Q9rnPcH,CA
6a7YCnU1vSdhReB8cKWPmfvGEX4fj7Aagqqeers8KaWBs5P4,MD
6W5ZzMdL3eftpSqfNECnKU5JXREAw5jJshaHEDsBnzK4hmMj,DE
6Vdr4h3z2GHBqDQNhE26AJhQkrkAmt7V5xbwyexxSQ125rHn,CL
6X83J3AscTzu5NqHUW3hWLH84AYqtHR5hCFUoPjMGXFNvajd,RU
6ageVxsZVRzx6WfAdnCnLHJy1WprYhJdTwXCPSrZDsTVUZ58,US
6YbqGE2dCtwZvfp46E4JGGpsZNHwQenxqEa8bHhK9g8V7QCT,CA
6b3n7iuQWTfahqmag46VQYPapxVkTGML7wkSDTm1hKABCjBR,NL
6WtKcjqtd5iE1kRciAev8UUH8DynyFXURMWarVGVx2ns4J4k,CA
6YRkTaWHttXaSKhVyYjGFYEqJPFnb6m2aZwZRbjkhP11ZPEp,UA
6WadK6mxKzdDZpd4BAyVmAp85Q1bfAHnhygkq6xmgros2GgV,UA
6aBo2dhN7wNuuQVujWx5QevkNbaJ5ovT1xxmxENnouxotLtZ,CH
6ZUXNuVhDJqBuMtjyzzexR53SYRoAHRE8Yr1zWMycGTMVZuU,RU
6ZH7JY6KZPGgF8cPzniaN1ZFfTPMzwvgaW1otn9KuDYxd17k,CA
6YqjAHTD7CKNxxXd7i5HuHqsNe7zmRTBAkvwLU6mJkJQ8fLe,RU
6XcpTfzbrZWupPLKthbZ5YJcFFdHxK4b9Je5ARhhwLJ2pAHm,NL
6WY7X6TA6suxqzkPPkVVP4vAySRiCKrNQUNyAHKSTHAcu7RA,CA
6aTVLdWVwWwH3rqg9ZSSCYAXq1141Fk24iC7mjbrFbwBskHs,RU
6XrAgouWkvSTgEeVtYMcTL8vWrgfR8mN2BUVaL175so2rq2x,CA
6XyyjHtyzbVVneoWuXWTQvDAJw1NAGbeVv1R9kfVrjoKisZa,UA
6YALzjkdwcta52rMR1QFfmGuobGcEFsRmQNaCii5ncvKpX5F,NL
6aFHbj9dmMz8f3RmKHZPC9oS94EddjBUMWM7Ekz6AA8ckSuA,MD
6ZeqUKW85THGSh71dH73AunRnVKWkYio6iBk2qMnJyWkDoqn,RU
6aHmda1Ct5r8LELke7DG8ugdcRPqWA1mp9pcXNDoKJGmhxA2,US
6YXfBayQBo91YcF48VWyYyztATzE55qH33VEdfpMXdxjuJKT,DE
6XRuAiT7SN2jmz5KJdq5VNwVSVx9XSrU5eS7ovWSKVFzKjCM,LT
6XJH2V7dKdnDVDvGXEwg2TPpwFKMXdPzXSa8Evs3kieGbzUS,RU
6YtQ7dGkbrMPAZp9Ut3WHTpzJUqpxZTSmJsdtVUv4amXMQLz,HR
6YEqhTiLTjsBSCA2R9fFnLKGmft7ofoJ4hKwkExJmQPRVYZT,RU
6ZZEoyQNppZq2srPHJmNKgKp3zXyB853sCie1fHQ7BbLCKJz,NL
6VV6NTMTW9d3B61wLhytFaaT2GVciuPjL3kdWonJcJtmnhVj,ES
6WkUDAvb8BqMgXGBX8fKnQtLw46qDKnzcDr7uZXmWCr2KDTh,PL
6axHxinNFt9ZRm4f1ZkkPeQWUnqx8CkJi8gBJ6MWGU1Hm6Tn,PT
6Zerqx4FGws5Hn86vodryjiasr5grF9EKGWvaUPu9kCkL4bY,NL
6WiAA8wT28SSnyBA6z2QjrgvVHCRbZDW31GNfRSN4yBzqhW5,FR
6VfbGnaqxvjPufa2pktnWs9vtzj4BJ6ErkNxKh2mn9yPU2Qj,UA
6WXkDF67VJbV9iAhEUh1BRqQC9FzSKsUbr6e3GjQ99ocYPFL,SG
6XqXfiGyAz4jPRaXdoaTWZJPsK9yMwdihc6CBBfWARh5dWr3,GB
6YHzR5k7y6b5vnX2VuByeWzJnLaaye2LDGArpw3yWoZvSTiD,DK
6X36bwZi9QfCTh1gFJBitwxvMxSHp3dcRhKNMKSRHMoEZntW,RU
6WMsRFXaJVUjB1ufh74sYDVZkEktpfjE38zMV4KeiHU2fN3s,AU
6YWZsB92H1fNhX7hbrACLqutcgQwxXVQtccrVv899KMQCfLP,FR
6VknYgrrjiQvB4Vqjr4YUexVfrBvr1hAExk4xaDtFwSbXdqV,RU
6Zw3irDsCXRVscNjt4AZH8HAm196PGjotivU88bSVRW72kr1,UA
6Zqi2oWARqbnXx373FRoi77H1BrxSXzSxtTgx6v1156nJtpg,UA
6VQFzsmsaAEjB9nPhyZT7XVa9FPxcxvYhisxCzJeMfPvyRp2,CA
6YZL4F6KJU7Yq3jyD578ADHgHL3ZhUPHUzqjwqMkdodfe61d,JP
6YoMteJpAfHeLqgk2T6Vnd3o3LsiduWKV7MheKaTnEhurzuD,NL
6ZqHfwnMXDeaDteoHw6NF8gCc5qHwRjzFvfhppvu3DBhifNS,CA
6WdBM7WosLcLrR13brm2fyUEhmF1m5hxHr4S1zVA6WcbgwBS,RO
6WtRmDYxhvhUkvQom59PybHCatNxwCLLDEaxKeCSfJaGnuPw,CA
6XiK7tiHuJ5tWXtJJmhbWsS3h7ovdQYp38RQzY6wWqc2AWMQ,RO
6XUbJWXYvDoieeg8zSCw3QQLQacndgfyZ8RTgJEbJMPmCeMi,BR
6a9zPgideH4RuC1WP2xvgspbAKkNbNMPRDwoRHLTQtpmj3qY,ES
6ZeJvbDiPdnvftL1atMtoQtxAzvzw4uJoNJYL7KqufKHoxeC,UA
6X2TfhL43goaEpJ3uWssySx159oFjs2TDAP6aKxmCbia1o7g,DK
6WrfeoUEdnnWrHzGXvXdL2muZJragUYpCA8U9foiCMKaeeTD,FR
6aX9njNNh2MvWjLofPBiSUMoUsyqg5K7WFv7WeytTts9yq8x,DE
6b3fMmtttvXDihzA6CmbFoUxa1aFvbyGaJJd2MqvwJUybUp8,ES
6XJ6eaceKxQYG67z7ogbJH5jeZ3qbLs3xDt2yz2EXyAYD7NQ,DE
6VSrpiHJaSTUb45eSvWL6jsYkKHWoxES1j7BNRBpDnEbRsqn,UA
6XNyJPqzGcqzqDMm2F5bunQYAd2pVxPqkocf18qx7zg2PEto,IN
6Y5X19AQLAFs11Q1H4iAkgVtEnQcmcjv1g4b1UKCU9XEVK8d,UA
6YkW9qjsX3fosWLnjvA1U9Ponr5hKEN6VQc6LZvUVQPFNoqq,NL
6VosbJXBD3fqpdaovAi1BVcHsPnRTmpCgRF9tqLVhMPG2z8y,CA
6X4wdfYeYtZHZqW8wYS3k6i8EjkmWvXug6DAFowefujttd9u,NL
6VdnrwFHDfFYCsGxXEhbrQtwTknuevvjNdRy3NQhEUua2BvW,CA
6XhpV9Ef7fSNNJ1z2wXkbWSnf7N3KbprQnpsVxc76Bc16Jmg,FI
6YyAAHYtKdMeHVE4zjQhRswGTTXFbD2Cu99JnD9DWcAYtwRe,KR
6WUg8zX6TBEtfZkR8rzbrnBjQXBFc4s6KphNu2ueFyFeaAHz,RU
6ajkorqHkQUvcZjuLKXipHjuytBFmw33R4ZqRRKeH545tUXL,RU
6Z2NsrrNiEXr1JzbbF1kYB6jzXbkNabec22YLdxsA6516KTQ,US
6aEc1Jasuaz7gLEovkwGFcfrdPeSoPQ56UyKa2X3TbutKgkv,CA
6W8CrmXQsFRcDdfFMQD6eW24YUTPwiqCCSHsXVwiqQsStFe7,NL
6WYELMAVPiCA1EECTQoV9CPoxkgvdhTDr4P5xEu5ZFgDKEd2,GB
6aEKWeeHjFkqZ5LVATU9d5Q9BtWVvKoLEKxBQvhyTkNEQrPT,CA
6VPf685AFgUNN71ciFnrtz4XjoYzc5g9iRk6mDhNvoXncmn5,NL
6XwNUcDyWQ43BNh6PkE4LWazkurEwm3RufDYMAoGkrkgMS4J,DE
6a1GHzd2Y6MhWmxo2fucLjJcUwL6R2dVkwFV7KZeRLWAoaZA,NZ
6aprZrw6imaLw1EfW6JCiJDctC1PPYMYie4xwPxzGfFAKraj,RU
6XZo3hAzV4yDeeceXCXvPaQtj2fvzNCJ13kfYmNY2856NiZE,UA
6ZcPNYzEw8mwFrjub5eVdrZaBPrMmZcNhVo5D7xEGBmmSXUs,CA
6ZCfDm2utdw4JPS5irJqBbG9AfUYtdfiiQnkseyyPDGP3ewF,IE
6X23oWBz1r6NwKbjNn4d5rwdZK4dyHXzyQiCkt3NN73Jdwkh,RU
6WvvAHsAuzF6HxYrHsKxxsMHR9Vm15aedCjjkLrDW7dNqFyS,ZA
6ae2WJxJ5LqGab9PRhMDoC7mQtTjsyjsyjLeQmnTyqC8U1gS,LT
6Vu5Ba1ZDJjnjwnFJVCp6p3gTU9G4oCNq6DmJzNCYMBBvc4r,US
6XRcNxybZJdjT78u5621b7zP3rkT7CbXJzugUKsEiSzeduwg,PT
6W8RUuaUQvNMvNML1WjD4PRZdV3P1n942raKoU26y8DkVGEA,RU
6ZC1JBRwaJwzSAERrz2USv3Bztn8XgbafUt2PQtWKCmYNLa9,LV
6a8wKMm678zishwHkQEqiwnXJMFqvsFNysM7ZvHzZ9GHEkVg,UA
6WRwSKGJUp7LPbuBTeaJEWmmWQG9YyBUuvFadPRDYRUhyVTH,EE
6VJHDa3BiCrDCufMkUWzmBKw6Xa6cpuEMNBnfA62FovAm7GS,US
6ZYrKKUG6SHzCbfz3qTzjhNbDQNTWu2hacZRvDCjaJCgHB4r,GB
6VgLbsTYK763mvcXv7Vpj8Qsj4ZkQAYohfRMaEE1wrA2SPw6,CA
6YNbnfU7DBNuFkTpSmZEh3TyqQDTufp9VSe4CnKVhCHwkT9A,CH
6a4B3ixrjBdMeXaERsMMobP7TccqAj7b5svHo7VAAU7fRpXv,KR
6Y58dmMN9H3FqvBzutdRTDA83q6uDFwBtQXpcpqzdh7hnm26,CH
6YLrGuYZL5JUqh87SBx53yJn5YGZ7wpqwCbG54bMmQVQFt7X,CA
6aUWq1M1scy6VCvjCdWdpL7MgwKWkQ4eu4LjW3kGhK6yUMGj,UA
6Z1ebK2ZTfhQXiiHmppyGANqaqLsYqM82vjB5tiw8kdc37Df,CA
6Xu3131LXvRebERNGqGfCdjDwxTBc4VosGf8UvKecZufrpbN,BY
6XDAWBkESUaUSKKi3w6pyQsD35YueTBdCbc7Yqaq3Qns8czk,LT
6ZZsGsmuoc9DJcGAdH2FvrwSTNDwyjqZDnw1ZdSN95kUKg7Y,CA
6ZccFSsGYsDEat8bstTrxC54gn36MYzwiFvFKKSL5LQWnY7f,RU
6WfmWmmc6k9hMXFu33qpTFRgiCj36mb6F3bDk7dqBK1DGEQH,FR
6YA9CzuJ7FL9Wd3iuRwfcYdyZCTkgtL9eMtuh4RJTtzMCLpr,IE
6Yh5m8M8txzYGsoqsmpTfChFrBWjLZWUwLCu29dJeqHsVjbY,DE
6X7NRTERtDD5gJSW6LzQn59NAN7o2AZ8aCXCqMGiujbTfrER,MD
6WoWDP9D4Z5FSPvh9pvRkVbU3QwxEyC65zWZmTCfQ8yKrSt7,NL
6XocyKF87n5NpLPvddHJET2jFSb5dMK1LCyNwPg8DVRQVd37,KZ
6VkxT4JwqrVqbnmNfG5wJuuMWLY5RhQUEiG6GtML2TQTC18Q,DE
6ZfKkefY48sK5KCdy5EqNLP9PMaA4fdYF1dgePfC3ztm4yrZ,CA
6Xf2cbxVSeNzuFgiPrrg5Kv3bCNCWD1f6BuTZgFU5VFBdzHv,ZA
6Xct3dbAap1tmrW3H5u5o2a8miQ6eDBCnA8BzqFx78yPLSkm,DE
6XLcDwtHFRGdFHQm8j8sAszD3pJQ5sv35RUuXURH87rUv73D,US
6WG1QfUpZrgysjzDYSthMzUSK8BPMh2ywBQnSwZe84GjTfqA,MD
6ayJZLe9oozYQQLd3GntYjvKgnSdzPAbLVjkYYz4WrajVWnt,ES
6W2LCRzWBaHtSZXCiaDnRr5xTt97fJu2cgTAy8TLC7cX2NiN,CA
6ZfEoHA6sV2AQ9RPgFqsm3qpU7fgsq3qJRZZgHUX1yFuWJoX,UZ
6YNf14fngxuj21uBht7CGnAgbgn4Ndw4BXR9BKHbnBtcUBXF,NL
6XnaoF3HVosxMb9ZF29prgCLk9Wgk94u2UYVop9SQgJjvwrt,IN
6Yjrg9ikz5Rt8HPaNARt7FjWJFZRXzq1xiSW8t9P6mGELZc3,FI
6ZeeXSAvpxmF4Hs6KMXpACFsT1xhmvRnXyDGCwq2wtiRM7v3,CA
6VMy5d5Ko8D5Ne4A35pm9wvGA5id64qXx1LLEvfLKsuNL59f,NL
6aebrAdQt4NXsvy6bD8aSx5jDrTTU8hcUNYsdJ7TaWGuznbg,BY
6ZX8fwnCVNzet3Q4KadcDax7MPwVPJEM8UFMWWHAhzedsMwS,IN
6VmSaYo7kTGsgE9PqpFWxyMpEvqxdewjfYFvRipczvezeiwF,RU
6Y2EoZ3sikGTjS2paPwv7HMSRqKV8nqu9yDT6whPyYoBMKsy,UA
6VJaSNffEGVVFagXBshSE7YQrjBmDwsuExzpwreupYr7iE9z,CH
6WJNYQTmDgBFUs5bYuQvD721G7qa3mbiSmeZXHtxTMFJ8fYC,RU
6WwumDwp6oKF4B2p39niTC3FVRvDmsY3VCB7bRtfaMtwFjnR,UA
6aZfDWY3x9kmYyLuSFQY7jU63rUXfErWHudQs6sJaJEeeSyg,BE
6XvTdJmrzcwYtevVTzNFVZecjH31wekYWTyN1rHKSX9ktqGJ,NL
6WzRsh6eLmxZQDo8fmokuED4Za3gaEoopFfBAAYmkdJdf3Wp,IN
6aprZrw6imaLw1EfW6JCiJDctC1PPYMYie4xwPxzGfFAKraj,RU
6aEKWeeHjFkqZ5LVATU9d5Q9BtWVvKoLEKxBQvhyTkNEQrPT,CA
6VPf685AFgUNN71ciFnrtz4XjoYzc5g9iRk6mDhNvoXncmn5,NL
6a1GHzd2Y6MhWmxo2fucLjJcUwL6R2dVkwFV7KZeRLWAoaZA,NZ
6Xf2cbxVSeNzuFgiPrrg5Kv3bCNCWD1f6BuTZgFU5VFBdzHv,ZA
6abE9LLimtBPViMkhpUMGKb4SvtgQumhxTTn4g6P9dN9bqu5,PT
6VfnhyGgAYKJr4veQXzK5RNFZzMTnq9os1cBrigDW9ZgpPmo,FR
6ZeqUKW85THGSh71dH73AunRnVKWkYio6iBk2qMnJyWkDoqn,RU
6YALzjkdwcta52rMR1QFfmGuobGcEFsRmQNaCii5ncvKpX5F,NL
6Y9pSURscYFDVqievHxKPYVSn38gjTHCegfwviJYZTwQXyPh,NL
6XekHH7sP2JDNtyFBhoLCE5jS8Ci8FQzy3zq2ean6bZQfUDi,LT
6VQfFpcsLgwSPwVmBtonS378THWUihybcu5XG6vjZSUc78jh,JP
6a1hxL5vTECFF2MuopyU9FLAnHWD1EKRc6g2gmhnyiq5wwBd,JP
6VJHDa5UyMAGfTrSxaKnbtw8aMhxYcE4wBQUVDgg44FAuGJP,US
6a6hL1FYALgNRRPZvesNA6ySDaK2ievAeHW9dVst4PZGvFJN,CL
6at3VMXrJMVmfYKybfhTZdyzjGQhS88jD3ShLU4uBNwvVqfE,JP
6Wvhre9oBkHnahejrJ7PCChFB7SsYLtMUdbF2dNZKzDSAvnq,US
6WhuAihE9Cb47Y4Po1kLAqAij8rv1jmWeGo5JTswN35qUSYg,JP
6VSduRsfo5nnZW4aafVvE8wdSq8tpuSTLWxqT1STqRcqy2kg,CA
6YwJQqdvarN8drCYDhK8jkUnYDvkC5ZndhNwnNYen5kX79ZW,UA
6YTxZnYDBVQKY5Bg2xtEwMen3xABzNt3bvqdDwVBELcDfoye,JP
6a1zJnmB8QjQ2joDzKffjGDB1dsNw4vLvjZSvcAtbBSarMVj,CL
6Z71jNDAjXQZ9xActAGtgcae4EJK52gFfSB2133HHdAoHwbt,JP
6XhMTLvpJsAetsiNCNoD4SZrZGZJaDx1f4ZNEjig8WXxLxsL,BE
